{"cameraMode":{"drawMode":0,"name":"Shaded","section":"Shading Mode"},"sceneLighting":false,"audioPlay":false,"sceneViewState":{"showFog":true,"showMaterialUpdate":false,"showSkybox":true,"showFlares":true,"showImageEffects":true,"showParticleSystems":true},"in2DMode":false,"pivot":{"x":-0.34759142994880679,"y":0.7070152759552002,"z":-0.6458179950714111},"rotation":{"x":0.00048573140520602465,"y":0.9628812074661255,"z":-0.2699194848537445,"w":0.0017338483594357968},"size":3.732452154159546,"orthographic":false}