{"cameraMode":{"drawMode":0,"name":"Shaded","section":"Shading Mode"},"sceneLighting":false,"audioPlay":false,"sceneViewState":{"showFog":true,"showMaterialUpdate":true,"showSkybox":true,"showFlares":true,"showImageEffects":true,"showParticleSystems":true},"in2DMode":false,"pivot":{"x":0.06319442391395569,"y":0.1300329566001892,"z":1.8160440921783448},"rotation":{"x":-0.045279912650585178,"y":0.9397717118263245,"z":-0.30966800451278689,"w":-0.13742157816886903},"size":1.5011452436447144,"orthographic":false}